{"cookies":[{"name":"CookieConsentPolicy","value":"0:0","domain":"login.salesforce.com","path":"/","expires":1751828223.440787,"httpOnly":false,"secure":true,"sameSite":"Lax"},{"name":"LSKey-c$CookieConsentPolicy","value":"0:0","domain":"login.salesforce.com","path":"/","expires":1751828223.441401,"httpOnly":false,"secure":true,"sameSite":"Lax"},{"name":"BrowserId","value":"ibQ66jvJEe-PcXGG0v-h2w","domain":".salesforce.com","path":"/","expires":1751828223.441511,"httpOnly":false,"secure":true,"sameSite":"Lax"},{"name":"session","value":"1720292225109","domain":"login.salesforce.com","path":"/","expires":-1,"httpOnly":false,"secure":true,"sameSite":"None"},{"name":"inst","value":"APP_J4","domain":".salesforce.com","path":"/","expires":-1,"httpOnly":false,"secure":true,"sameSite":"Lax"},{"name":"rememberUn","value":"false","domain":".salesforce.com","path":"/","expires":1725476225.583986,"httpOnly":false,"secure":true,"sameSite":"Lax"},{"name":"com.salesforce.LocaleInfo","value":"in","domain":".salesforce.com","path":"/","expires":1725476225.58415,"httpOnly":false,"secure":true,"sameSite":"Lax"},{"name":"oinfo","value":"c3RhdHVzPUZSRUUmdHlwZT0zJm9pZD0wMEQ1ajAwMDAwQzhwTE8=","domain":".salesforce.com","path":"/","expires":1725476225.58423,"httpOnly":false,"secure":true,"sameSite":"Lax"},{"name":"webact","value":"%7B%22l_vdays%22%3A-1%2C%22l_visit%22%3A0%2C%22session%22%3A1720292225882%2C%22l_search%22%3A%22%22%2C%22l_dtype%22%3A%22%22%2C%22l_page%22%3A%22%22%2C%22l_page_url%22%3A%22%22%2C%22counter%22%3A0%2C%22pv%22%3A0%2C%22f_visit%22%3A1720292225882%2C%22developer%22%3A1720292225882%7D","domain":".salesforce.com","path":"/","expires":1751828224,"httpOnly":false,"secure":false,"sameSite":"Lax"},{"name":"CookieConsentPolicy","value":"0:1","domain":"testleaf30-dev-ed.develop.my.salesforce.com","path":"/","expires":1751828226.152354,"httpOnly":false,"secure":true,"sameSite":"None"},{"name":"LSKey-c$CookieConsentPolicy","value":"0:1","domain":"testleaf30-dev-ed.develop.my.salesforce.com","path":"/","expires":1751828226.152631,"httpOnly":false,"secure":true,"sameSite":"None"},{"name":"sfdc_lv2","value":"KxG83HoJo99ncW5wGYEvy587vc6ZRKQsNya9TBmq8VYTEeKbqaMCmG4BI2gzhJEEU=","domain":".salesforce.com","path":"/","expires":1751828226.152816,"httpOnly":false,"secure":true,"sameSite":"None"},{"name":"disco","value":"J4:00D5j00000C8pLO:0055j0000080rEb:3","domain":".salesforce.com","path":"/","expires":-1,"httpOnly":false,"secure":true,"sameSite":"None"},{"name":"autocomplete","value":"1","domain":".salesforce.com","path":"/","expires":1725476226.153134,"httpOnly":false,"secure":true,"sameSite":"None"},{"name":"sid","value":"00D5j00000C8pLO!ARoAQOrlbD4Z8qm0JhpduZIMXJ.Sljzdvv4iJ9U9pfr.Kl09yRYox8CGKjJist9FprhL82c0hpkd1FOIk1JIpBlCx_2LyvlJ","domain":"testleaf30-dev-ed.develop.my.salesforce.com","path":"/","expires":-1,"httpOnly":false,"secure":true,"sameSite":"None"},{"name":"sid_Client","value":"j0000080rEbj00000C8pLO","domain":"testleaf30-dev-ed.develop.my.salesforce.com","path":"/","expires":-1,"httpOnly":false,"secure":true,"sameSite":"None"},{"name":"clientSrc","value":"49.43.249.2","domain":"testleaf30-dev-ed.develop.my.salesforce.com","path":"/","expires":-1,"httpOnly":false,"secure":true,"sameSite":"None"},{"name":"oid","value":"00D5j00000C8pLO","domain":"testleaf30-dev-ed.develop.my.salesforce.com","path":"/","expires":1751828226.153715,"httpOnly":false,"secure":true,"sameSite":"None"},{"name":"CookieConsentPolicy","value":"0:1","domain":"testleaf30-dev-ed.develop.file.force.com","path":"/","expires":1751828226.97357,"httpOnly":false,"secure":true,"sameSite":"None"},{"name":"LSKey-c$CookieConsentPolicy","value":"0:1","domain":"testleaf30-dev-ed.develop.file.force.com","path":"/","expires":1751828226.973864,"httpOnly":false,"secure":true,"sameSite":"None"},{"name":"BrowserId","value":"i8icADvJEe-QmbVeU-lvFg","domain":".force.com","path":"/","expires":1751828226.974062,"httpOnly":false,"secure":true,"sameSite":"Lax"},{"name":"sid","value":"00D5j00000C8pLO!ARoAQJgM9mXCVNVmGEXwC7V1xAqkYE3qJ6dSy65wsV2y2cRjdEyRRFwIPrBJDhu2jjwZ9raUZCYRdij0.No2xmyEZr.pNkKt","domain":"testleaf30-dev-ed.develop.file.force.com","path":"/","expires":-1,"httpOnly":false,"secure":true,"sameSite":"None"},{"name":"sid_Client","value":"j0000080rEbj00000C8pLO","domain":"testleaf30-dev-ed.develop.file.force.com","path":"/","expires":-1,"httpOnly":false,"secure":true,"sameSite":"None"},{"name":"clientSrc","value":"49.43.249.2","domain":"testleaf30-dev-ed.develop.file.force.com","path":"/","expires":-1,"httpOnly":false,"secure":true,"sameSite":"None"},{"name":"inst","value":"APP_J4","domain":".force.com","path":"/","expires":-1,"httpOnly":false,"secure":true,"sameSite":"None"}],"origins":[]}