{
  "cookies": [
    {
      "name": "CookieConsentPolicy",
      "value": "0:0",
      "domain": "login.salesforce.com",
      "path": "/",
      "expires": 1751651023.940013,
      "httpOnly": false,
      "secure": true,
      "sameSite": "Lax"
    },
    {
      "name": "LSKey-c$CookieConsentPolicy",
      "value": "0:0",
      "domain": "login.salesforce.com",
      "path": "/",
      "expires": 1751651023.940263,
      "httpOnly": false,
      "secure": true,
      "sameSite": "Lax"
    },
    {
      "name": "BrowserId",
      "value": "9YUkLTosEe-QFIc_4LSWzA",
      "domain": ".salesforce.com",
      "path": "/",
      "expires": 1751651023.940389,
      "httpOnly": false,
      "secure": true,
      "sameSite": "Lax"
    },
    {
      "name": "session",
      "value": "1720115025594",
      "domain": "login.salesforce.com",
      "path": "/",
      "expires": -1,
      "httpOnly": false,
      "secure": true,
      "sameSite": "None"
    },
    {
      "name": "webact",
      "value": "%7B%22l_vdays%22%3A-1%2C%22l_visit%22%3A0%2C%22session%22%3A1720115026425%2C%22l_search%22%3A%22%22%2C%22l_dtype%22%3A%22%22%2C%22l_page%22%3A%22SFDC%3Aus%3Alogin%22%2C%22l_page_url%22%3A%22https%3A%2F%2Fc.salesforce.com%2Flogin-messages%2Fpromos.html%22%2C%22counter%22%3A0%2C%22pv%22%3A1%2C%22f_visit%22%3A1720115026425%2C%22seg%22%3A%22non-customer%3Aus%22%7D",
      "domain": ".salesforce.com",
      "path": "/",
      "expires": 1751651025,
      "httpOnly": false,
      "secure": true,
      "sameSite": "Lax"
    },
    {
      "name": "sfdcConsent",
      "value": "1,3,4",
      "domain": ".salesforce.com",
      "path": "/",
      "expires": 1751651026,
      "httpOnly": false,
      "secure": false,
      "sameSite": "Lax"
    },
    {
      "name": "OptanonConsent",
      "value": "isGpcEnabled=0&datestamp=Thu+Jul+04+2024+23%3A13%3A47+GMT%2B0530+(India+Standard+Time)&version=202401.2.0&browserGpcFlag=0&isIABGlobal=false&hosts=&consentId=1f06e8e7-b85d-4b1c-9f1f-b2ee728c8616&interactionCount=1&landingPath=https%3A%2F%2Fc.salesforce.com%2Flogin-messages%2Fpromos.html&groups=1%3A1%2C3%3A1%2C4%3A1",
      "domain": ".salesforce.com",
      "path": "/",
      "expires": 1751651027,
      "httpOnly": false,
      "secure": false,
      "sameSite": "Lax"
    },
    {
      "name": "inst",
      "value": "APP_J4",
      "domain": ".salesforce.com",
      "path": "/",
      "expires": -1,
      "httpOnly": false,
      "secure": true,
      "sameSite": "Lax"
    },
    {
      "name": "rememberUn",
      "value": "false",
      "domain": ".salesforce.com",
      "path": "/",
      "expires": 1725299027.474393,
      "httpOnly": false,
      "secure": true,
      "sameSite": "Lax"
    },
    {
      "name": "com.salesforce.LocaleInfo",
      "value": "in",
      "domain": ".salesforce.com",
      "path": "/",
      "expires": 1725299027.474652,
      "httpOnly": false,
      "secure": true,
      "sameSite": "Lax"
    },
    {
      "name": "oinfo",
      "value": "c3RhdHVzPUZSRUUmdHlwZT0zJm9pZD0wMEQ1ajAwMDAwQzhwTE8=",
      "domain": ".salesforce.com",
      "path": "/",
      "expires": 1725299027.47475,
      "httpOnly": false,
      "secure": true,
      "sameSite": "Lax"
    },
    {
      "name": "gtm_session_start",
      "value": "1720115027609",
      "domain": "c.salesforce.com",
      "path": "/",
      "expires": 1720116827,
      "httpOnly": false,
      "secure": false,
      "sameSite": "Lax"
    },
    {
      "name": "CookieConsentPolicy",
      "value": "0:1",
      "domain": "testleaf30-dev-ed.develop.my.salesforce.com",
      "path": "/",
      "expires": 1751651028.393397,
      "httpOnly": false,
      "secure": true,
      "sameSite": "None"
    },
    {
      "name": "LSKey-c$CookieConsentPolicy",
      "value": "0:1",
      "domain": "testleaf30-dev-ed.develop.my.salesforce.com",
      "path": "/",
      "expires": 1751651028.393538,
      "httpOnly": false,
      "secure": true,
      "sameSite": "None"
    },
    {
      "name": "sfdc_lv2",
      "value": "KxG83HE6vESYo6X0cOe5NjCvIujBzZBxlGixmp8Q1+iyd9W8YoYIyjGEcD3Md4QmU=",
      "domain": ".salesforce.com",
      "path": "/",
      "expires": 1751651028.393626,
      "httpOnly": false,
      "secure": true,
      "sameSite": "None"
    },
    {
      "name": "disco",
      "value": "J4:00D5j00000C8pLO:0055j0000080rEb:3",
      "domain": ".salesforce.com",
      "path": "/",
      "expires": -1,
      "httpOnly": false,
      "secure": true,
      "sameSite": "None"
    },
    {
      "name": "autocomplete",
      "value": "1",
      "domain": ".salesforce.com",
      "path": "/",
      "expires": 1725299028.393758,
      "httpOnly": false,
      "secure": true,
      "sameSite": "None"
    },
    {
      "name": "sid",
      "value": "00D5j00000C8pLO!ARoAQDwDBMf5puh9xrN4WYt.0vwaPD1MDeqCn4ez8PhqcgW9TetfPrUeLVyk8KbClkuIvt5lcVyoNP6xNfINIFQidvWlRCSH",
      "domain": "testleaf30-dev-ed.develop.my.salesforce.com",
      "path": "/",
      "expires": -1,
      "httpOnly": false,
      "secure": true,
      "sameSite": "None"
    },
    {
      "name": "sid_Client",
      "value": "j0000080rEbj00000C8pLO",
      "domain": "testleaf30-dev-ed.develop.my.salesforce.com",
      "path": "/",
      "expires": -1,
      "httpOnly": false,
      "secure": true,
      "sameSite": "None"
    },
    {
      "name": "clientSrc",
      "value": "49.43.248.227",
      "domain": "testleaf30-dev-ed.develop.my.salesforce.com",
      "path": "/",
      "expires": -1,
      "httpOnly": false,
      "secure": true,
      "sameSite": "None"
    },
    {
      "name": "oid",
      "value": "00D5j00000C8pLO",
      "domain": "testleaf30-dev-ed.develop.my.salesforce.com",
      "path": "/",
      "expires": 1751651028.39402,
      "httpOnly": false,
      "secure": true,
      "sameSite": "None"
    },
    {
      "name": "_gid",
      "value": "GA1.2.843289919.1720115029",
      "domain": ".salesforce.com",
      "path": "/",
      "expires": 1720201429,
      "httpOnly": false,
      "secure": false,
      "sameSite": "Lax"
    },
    {
      "name": "_ga_S6WMKB0ZK3",
      "value": "GS1.1.1720115028.1.0.1720115028.0.0.0",
      "domain": ".salesforce.com",
      "path": "/",
      "expires": 1754675029.427257,
      "httpOnly": false,
      "secure": false,
      "sameSite": "Lax"
    },
    {
      "name": "_ga",
      "value": "GA1.1.788881286.1720115029",
      "domain": ".salesforce.com",
      "path": "/",
      "expires": 1754675029.444168,
      "httpOnly": false,
      "secure": false,
      "sameSite": "Lax"
    },
    {
      "name": "_ga_ESNS60PH6F",
      "value": "GS1.1.1720115028.1.0.1720115028.0.0.0",
      "domain": ".salesforce.com",
      "path": "/",
      "expires": 1754675029.443408,
      "httpOnly": false,
      "secure": false,
      "sameSite": "Lax"
    },
    {
      "name": "_dc_gtm_UA-140200881-1",
      "value": "1",
      "domain": ".salesforce.com",
      "path": "/",
      "expires": 1720115089,
      "httpOnly": false,
      "secure": false,
      "sameSite": "Lax"
    },
    {
      "name": "CookieConsentPolicy",
      "value": "0:1",
      "domain": "testleaf30-dev-ed.develop.file.force.com",
      "path": "/",
      "expires": 1751651030.044092,
      "httpOnly": false,
      "secure": true,
      "sameSite": "None"
    },
    {
      "name": "LSKey-c$CookieConsentPolicy",
      "value": "0:1",
      "domain": "testleaf30-dev-ed.develop.file.force.com",
      "path": "/",
      "expires": 1751651030.044335,
      "httpOnly": false,
      "secure": true,
      "sameSite": "None"
    },
    {
      "name": "BrowserId",
      "value": "-SaNbjosEe-BE992Su1ULA",
      "domain": ".force.com",
      "path": "/",
      "expires": 1751651030.044449,
      "httpOnly": false,
      "secure": true,
      "sameSite": "Lax"
    },
    {
      "name": "sid",
      "value": "00D5j00000C8pLO!ARoAQCmsOzTMz1iVaKtSetUluBqkMIHPlCD4iXaCbkg2Z_PDkjNWGbitrdoDv3XWXh9r0XFrq4RAMBci8kMrVv6qOYNrvnzv",
      "domain": "testleaf30-dev-ed.develop.file.force.com",
      "path": "/",
      "expires": -1,
      "httpOnly": false,
      "secure": true,
      "sameSite": "None"
    },
    {
      "name": "sid_Client",
      "value": "j0000080rEbj00000C8pLO",
      "domain": "testleaf30-dev-ed.develop.file.force.com",
      "path": "/",
      "expires": -1,
      "httpOnly": false,
      "secure": true,
      "sameSite": "None"
    },
    {
      "name": "clientSrc",
      "value": "49.43.248.227",
      "domain": "testleaf30-dev-ed.develop.file.force.com",
      "path": "/",
      "expires": -1,
      "httpOnly": false,
      "secure": true,
      "sameSite": "None"
    },
    {
      "name": "inst",
      "value": "APP_J4",
      "domain": ".force.com",
      "path": "/",
      "expires": -1,
      "httpOnly": false,
      "secure": true,
      "sameSite": "None"
    }
  ],
  "origins": [
    {
      "origin": "https://c.salesforce.com",
      "localStorage": [
        {
          "name": "webactls",
          "value": "{\"chat\":0,\"kxsfdc\":{\"segs\":\"\"},\"l_cloud\":\"No Cloud\"}"
        }
      ]
    }
  ]
}